id,text,timestamp
1,The texture came out really good.,2026-06-08 09:00:00
2,The ingredients were easy to find.,2026-01-03 23:00:00
3,The cooking time worked perfectly.,2026-02-19 20:00:00
4,I would definitely make this again.,2026-05-11 04:00:00
5,The texture came out really good.,2026-04-16 05:00:00
6,The texture came out really good.,2026-04-18 06:00:00
7,The texture came out really good.,2026-05-06 13:00:00
8,I really liked the flavor.,2026-05-25 08:00:00
9,I would add a little more seasoning.,2026-03-16 09:00:00
10,This was great for a quick meal.,2026-02-28 01:00:00
11,This was great for a quick meal.,2026-02-13 22:00:00
12,Simple and delicious.,2026-05-08 01:00:00
13,I would definitely make this again.,2026-01-30 02:00:00
14,I really liked the flavor.,2026-03-11 01:00:00
15,The ingredients were easy to find.,2026-05-19 09:00:00
16,The texture came out really good.,2026-05-20 14:00:00
17,I made this for my family and they loved it.,2026-01-28 07:00:00
18,I would add a little more seasoning.,2026-03-18 09:00:00
19,The texture came out really good.,2026-03-09 19:00:00
20,I really liked the flavor.,2026-04-23 11:00:00
21,I would add a little more seasoning.,2026-02-24 07:00:00
22,Simple and delicious.,2026-06-26 19:00:00
23,Simple and delicious.,2026-06-11 21:00:00
24,The cooking time worked perfectly.,2026-06-07 12:00:00
25,I would add a little more seasoning.,2026-02-22 09:00:00
26,Simple and delicious.,2026-04-01 01:00:00
27,This was great for a quick meal.,2026-06-03 01:00:00
28,The cooking time worked perfectly.,2026-03-25 06:00:00
29,This was great for a quick meal.,2026-03-17 02:00:00
30,This was great for a quick meal.,2026-05-13 05:00:00
31,I really liked the flavor.,2026-02-04 21:00:00
32,This recipe is easy to follow.,2026-03-13 04:00:00
33,The cooking time worked perfectly.,2026-06-29 12:00:00
34,I would add a little more seasoning.,2026-02-08 06:00:00
35,The ingredients were easy to find.,2026-03-06 05:00:00
36,I made this for my family and they loved it.,2026-05-06 12:00:00
37,Simple and delicious.,2026-06-11 16:00:00
38,I made this for my family and they loved it.,2026-04-07 22:00:00
39,I really liked the flavor.,2026-06-12 10:00:00
40,I made this for my family and they loved it.,2026-05-13 07:00:00
41,This was great for a quick meal.,2026-06-27 19:00:00
42,The texture came out really good.,2026-05-05 18:00:00
43,Simple and delicious.,2026-01-02 07:00:00
44,I really liked the flavor.,2026-04-29 04:00:00
45,The ingredients were easy to find.,2026-01-18 01:00:00
46,I made this for my family and they loved it.,2026-02-25 21:00:00
47,I would add a little more seasoning.,2026-05-07 16:00:00
48,The ingredients were easy to find.,2026-03-14 18:00:00
49,I would definitely make this again.,2026-05-28 12:00:00
50,Simple and delicious.,2026-05-05 18:00:00
51,This recipe is easy to follow.,2026-01-12 11:00:00
52,The texture came out really good.,2026-01-05 11:00:00
53,The cooking time worked perfectly.,2026-04-23 22:00:00
54,This recipe is easy to follow.,2026-04-20 14:00:00
55,The cooking time worked perfectly.,2026-06-16 17:00:00
56,The cooking time worked perfectly.,2026-03-12 10:00:00
57,The ingredients were easy to find.,2026-03-06 10:00:00
58,The ingredients were easy to find.,2026-06-21 04:00:00
59,The cooking time worked perfectly.,2026-01-14 20:00:00
60,This was great for a quick meal.,2026-06-29 15:00:00
61,I made this for my family and they loved it.,2026-06-17 10:00:00
62,I really liked the flavor.,2026-01-01 14:00:00
63,The texture came out really good.,2026-01-20 12:00:00
64,Simple and delicious.,2026-02-28 00:00:00
65,The texture came out really good.,2026-01-03 08:00:00
66,The ingredients were easy to find.,2026-01-31 21:00:00
67,The cooking time worked perfectly.,2026-05-03 10:00:00
68,I would add a little more seasoning.,2026-04-09 10:00:00
69,I really liked the flavor.,2026-01-27 18:00:00
70,The ingredients were easy to find.,2026-03-18 12:00:00
71,I made this for my family and they loved it.,2026-02-05 04:00:00
72,The cooking time worked perfectly.,2026-01-19 00:00:00
73,Simple and delicious.,2026-01-04 03:00:00
74,The cooking time worked perfectly.,2026-04-23 19:00:00
75,I would add a little more seasoning.,2026-06-11 07:00:00
76,The cooking time worked perfectly.,2026-04-17 03:00:00
77,The texture came out really good.,2026-02-25 10:00:00
78,I really liked the flavor.,2026-02-05 11:00:00
79,Simple and delicious.,2026-04-09 19:00:00
80,I made this for my family and they loved it.,2026-03-22 12:00:00
